bus_i,type,Pd,Qd,Vmax,Vmin
1,3,0,0,1.1,0.9
2,2,0,0,1.1,0.9
3,2,62.41422792,33.63036622,1.1,0.9
