bus,c2,c1,c0,Qmax,Qmin,Pmax,Pmin
1,0.00741,10.833,240,5000,-5000,5000,0
2,0.00741,10.833,240,5000,-5000,5000,0
