bus_i,type,Pd,Qd,Vmax,Vmin
1,3,0,0,1.1,0.9
2,2,62.41422792,33.63036622,1.1,0.9
3,2,51.46,27.11130445,1.1,0.9
4,1,65.46450809,36.40859842,1.1,0.9
5,1,69.05267528,0,1.1,0.9
