2,startup,shutdown,n,c(n-1),test,c0
2,0,0,3,0,7.920951,0
2,0,0,3,0,23.269494,0
2,0,0,3,0,0,0
2,0,0,3,0,0,0
2,0,0,3,0,0,0
